"Person ID","First name","Last name",Party,Constituency,URI
10001,Diane,Abbott,Labour,"Hackney North and Stoke Newington",https://www.theyworkforyou.com/mp/10001/diane_abbott/hackney_north_and_stoke_newington
10002,Gerry,Adams,"Sinn Féin","Belfast West",https://www.theyworkforyou.com/mp/10002/gerry_adams/belfast_west
10003,Irene,Adams,Labour,"Paisley North",https://www.theyworkforyou.com/mp/10003/mrs_irene_adams/paisley_north
10004,Nick,Ainger,Labour,"Carmarthen West and South Pembrokeshire",https://www.theyworkforyou.com/mp/10004/nick_ainger/carmarthen_west_and_south_pembrokeshire
10005,Bob,Ainsworth,Labour,"Coventry North East",https://www.theyworkforyou.com/mp/10005/bob_ainsworth/coventry_north_east
10006,Peter,Ainsworth,Conservative,"East Surrey",https://www.theyworkforyou.com/mp/10006/peter_ainsworth/east_surrey
10007,Richard,Allan,"Liberal Democrat","Sheffield, Hallam",https://www.theyworkforyou.com/mp/10007/mr_richard_allan/sheffield%2C_hallam
10008,Graham,Allen,Labour,"Nottingham North",https://www.theyworkforyou.com/mp/10008/graham_allen/nottingham_north
10009,David,Amess,Conservative,"Southend West",https://www.theyworkforyou.com/mp/10009/sir_david_amess/southend_west
10010,Michael,Ancram,Conservative,Devizes,https://www.theyworkforyou.com/mp/10010/michael_ancram/devizes
10011,Donald,Anderson,Labour,"Swansea East",https://www.theyworkforyou.com/mp/10011/mr_donald_anderson/swansea_east
10012,Janet,Anderson,Labour,"Rossendale and Darwen",https://www.theyworkforyou.com/mp/10012/janet_anderson/rossendale_and_darwen
10013,James,Arbuthnot,Conservative,"North East Hampshire",https://www.theyworkforyou.com/mp/10013/james_arbuthnot/north_east_hampshire
10014,Hilary,Armstrong,Labour,"North West Durham",https://www.theyworkforyou.com/mp/10014/hilary_armstrong/north_west_durham
10015,Paddy,Ashdown,"Liberal Democrat",Yeovil,https://www.theyworkforyou.com/mp/10015/mr_paddy_ashdown/yeovil
10016,Joe,Ashton,Labour,Bassetlaw,https://www.theyworkforyou.com/mp/10016/mr_joe_ashton/bassetlaw
10017,Candy,Atherton,Labour,"Falmouth and Camborne",https://www.theyworkforyou.com/mp/10017/ms_candy_atherton/falmouth_and_camborne
10018,Charlotte,Atkins,Labour,"Staffordshire Moorlands",https://www.theyworkforyou.com/mp/10018/charlotte_atkins/staffordshire_moorlands
10019,David,Atkinson,Conservative,"Bournemouth East",https://www.theyworkforyou.com/mp/10019/mr_david_atkinson/bournemouth_east
10020,Peter,Atkinson,Conservative,Hexham,https://www.theyworkforyou.com/mp/10020/peter_atkinson/hexham
10021,John,Austin,Labour,"Erith and Thamesmead",https://www.theyworkforyou.com/mp/10021/john_austin/erith_and_thamesmead
10022,Norman,Baker,"Liberal Democrat",Lewes,https://www.theyworkforyou.com/mp/10022/norman_baker/lewes
10023,Tony,Baldry,Conservative,Banbury,https://www.theyworkforyou.com/mp/10023/tony_baldry/banbury
10024,Jackie,Ballard,"Liberal Democrat",Taunton,https://www.theyworkforyou.com/mp/10024/mrs_jackie_ballard/taunton
10025,Tony,Banks,Labour,"West Ham",https://www.theyworkforyou.com/mp/10025/mr_tony_banks/west_ham
10026,Harry,Barnes,Labour,"North East Derbyshire",https://www.theyworkforyou.com/mp/10026/mr_harry_barnes/north_east_derbyshire
10027,Kevin,Barron,Labour,"Rother Valley",https://www.theyworkforyou.com/mp/10027/kevin_barron/rother_valley
10028,John,Battle,Labour,"Leeds West",https://www.theyworkforyou.com/mp/10028/john_battle/leeds_west
10029,Hugh,Bayley,Labour,"City of York",https://www.theyworkforyou.com/mp/10029/hugh_bayley/city_of_york
10030,Nigel,Beard,Labour,"Bexleyheath and Crayford",https://www.theyworkforyou.com/mp/10030/mr_nigel_beard/bexleyheath_and_crayford
10031,Margaret,Beckett,Labour,"Derby South",https://www.theyworkforyou.com/mp/10031/margaret_beckett/derby_south
10032,Anne,Begg,Labour,"Aberdeen South",https://www.theyworkforyou.com/mp/10032/anne_begg/aberdeen_south
10033,Roy,Beggs,UUP,"East Antrim",https://www.theyworkforyou.com/mp/10033/mr_roy_beggs/east_antrim
10034,Alan,Beith,"Liberal Democrat",Berwick-upon-Tweed,https://www.theyworkforyou.com/mp/10034/alan_beith/berwick-upon-tweed
10035,Martin,Bell,Independent,Tatton,https://www.theyworkforyou.com/mp/10035/mr_martin_bell/tatton
10036,Stuart,Bell,Labour,Middlesbrough,https://www.theyworkforyou.com/mp/10036/stuart_bell/middlesbrough
10037,Tony,Benn,Labour,Chesterfield,https://www.theyworkforyou.com/mp/10037/mr_tony_benn/chesterfield
10038,Andrew,Bennett,Labour,"Denton and Reddish",https://www.theyworkforyou.com/mp/10038/mr_andrew_bennett/denton_and_reddish
10039,Joe,Benton,Labour,Bootle,https://www.theyworkforyou.com/mp/10039/joe_benton/bootle
10040,John,Bercow,Conservative,Buckingham,https://www.theyworkforyou.com/mp/10040/john_bercow/buckingham
10041,Paul,Beresford,Conservative,"Mole Valley",https://www.theyworkforyou.com/mp/10041/paul_beresford/mole_valley
10042,Gerry,Bermingham,Labour,"St Helens South",https://www.theyworkforyou.com/mp/10042/mr_gerry_bermingham/st_helens_south
10043,Roger,Berry,Labour,Kingswood,https://www.theyworkforyou.com/mp/10043/roger_berry/kingswood
10044,Harold,Best,Labour,"Leeds North West",https://www.theyworkforyou.com/mp/10044/mr_harold_best/leeds_north_west
10045,Clive,Betts,Labour,"Sheffield, Attercliffe",https://www.theyworkforyou.com/mp/10045/clive_betts/sheffield%2C_attercliffe
10046,Liz,Blackman,Labour,Erewash,https://www.theyworkforyou.com/mp/10046/liz_blackman/erewash
10047,Tony,Blair,Labour,Sedgefield,https://www.theyworkforyou.com/mp/10047/tony_blair/sedgefield
10048,Hazel,Blears,Labour,Salford,https://www.theyworkforyou.com/mp/10048/hazel_blears/salford
10049,Bob,Blizzard,Labour,Waveney,https://www.theyworkforyou.com/mp/10049/bob_blizzard/waveney
10050,David,Blunkett,Labour,"Sheffield, Brightside",https://www.theyworkforyou.com/mp/10050/david_blunkett/sheffield%2C_brightside
10051,Crispin,Blunt,Conservative,Reigate,https://www.theyworkforyou.com/mp/10051/crispin_blunt/reigate
10052,Paul,Boateng,Labour,"Brent South",https://www.theyworkforyou.com/mp/10052/mr_paul_boateng/brent_south
10053,Richard,Body,Conservative,"Boston and Skegness",https://www.theyworkforyou.com/mp/10053/mr_richard_body/boston_and_skegness
10054,Betty,Boothroyd,Speaker,"West Bromwich West",https://www.theyworkforyou.com/mp/10054/miss_betty_boothroyd/west_bromwich_west
10055,David,Borrow,Labour,"South Ribble",https://www.theyworkforyou.com/mp/10055/david_borrow/south_ribble
10056,Tim,Boswell,Conservative,Daventry,https://www.theyworkforyou.com/mp/10056/tim_boswell/daventry
10057,Peter,Bottomley,Conservative,"Worthing West",https://www.theyworkforyou.com/mp/10057/peter_bottomley/worthing_west
10058,Virginia,Bottomley,Conservative,"South West Surrey",https://www.theyworkforyou.com/mp/10058/mrs_virginia_bottomley/south_west_surrey
10059,Keith,Bradley,Labour,"Manchester, Withington",https://www.theyworkforyou.com/mp/10059/mr_keith_bradley/manchester%2C_withington
10060,Peter,Bradley,Labour,"The Wrekin",https://www.theyworkforyou.com/mp/10060/mr_peter_bradley/the_wrekin
10061,Ben,Bradshaw,Labour,Exeter,https://www.theyworkforyou.com/mp/10061/ben_bradshaw/exeter
10062,Graham,Brady,Conservative,"Altrincham and Sale West",https://www.theyworkforyou.com/mp/10062/graham_brady/altrincham_and_sale_west
10063,Tom,Brake,"Liberal Democrat","Carshalton and Wallington",https://www.theyworkforyou.com/mp/10063/tom_brake/carshalton_and_wallington
10064,Peter,Brand,"Liberal Democrat","Isle of Wight",https://www.theyworkforyou.com/mp/10064/dr_peter_brand/isle_of_wight
10065,Julian,Brazier,Conservative,Canterbury,https://www.theyworkforyou.com/mp/10065/julian_brazier/canterbury
10066,Colin,Breed,"Liberal Democrat","South East Cornwall",https://www.theyworkforyou.com/mp/10066/colin_breed/south_east_cornwall
10067,Peter,Brooke,Conservative,"Cities of London and Westminster",https://www.theyworkforyou.com/mp/10067/mr_peter_brooke/cities_of_london_and_westminster
10068,Gordon,Brown,Labour,"Dunfermline East",https://www.theyworkforyou.com/mp/10068/gordon_brown/dunfermline_east
10069,Nick,Brown,Labour,"Newcastle upon Tyne East and Wallsend",https://www.theyworkforyou.com/mp/10069/nick_brown/newcastle_upon_tyne_east_and_wallsend
10070,Russell,Brown,Labour,Dumfries,https://www.theyworkforyou.com/mp/10070/russell_brown/dumfries
10071,Des,Browne,Labour,"Kilmarnock and Loudoun",https://www.theyworkforyou.com/mp/10071/des_browne/kilmarnock_and_loudoun
10072,Angela,Browning,Conservative,"Tiverton and Honiton",https://www.theyworkforyou.com/mp/10072/angela_browning/tiverton_and_honiton
10073,Ian,Bruce,Conservative,"South Dorset",https://www.theyworkforyou.com/mp/10073/mr_ian_bruce/south_dorset
10074,Malcolm,Bruce,"Liberal Democrat",Gordon,https://www.theyworkforyou.com/mp/10074/malcolm_bruce/gordon
10075,Karen,Buck,Labour,"Regent's Park and Kensington North",https://www.theyworkforyou.com/mp/10075/karen_buck/regent%27s_park_and_kensington_north
10076,Richard,Burden,Labour,"Birmingham, Northfield",https://www.theyworkforyou.com/mp/10076/richard_burden/birmingham%2C_northfield
10077,Colin,Burgon,Labour,Elmet,https://www.theyworkforyou.com/mp/10077/colin_burgon/elmet
10078,John,Burnett,"Liberal Democrat","Torridge and West Devon",https://www.theyworkforyou.com/mp/10078/mr_john_burnett/torridge_and_west_devon
10079,Simon,Burns,Conservative,"West Chelmsford",https://www.theyworkforyou.com/mp/10079/simon_burns/west_chelmsford
10080,Paul,Burstow,"Liberal Democrat","Sutton and Cheam",https://www.theyworkforyou.com/mp/10080/paul_burstow/sutton_and_cheam
10081,Christine,Butler,Labour,"Castle Point",https://www.theyworkforyou.com/mp/10081/mrs_christine_butler/castle_point
10082,John,Butterfill,Conservative,"Bournemouth West",https://www.theyworkforyou.com/mp/10082/john_butterfill/bournemouth_west
10083,Stephen,Byers,Labour,"North Tyneside",https://www.theyworkforyou.com/mp/10083/stephen_byers/north_tyneside
10084,Vincent,Cable,"Liberal Democrat",Twickenham,https://www.theyworkforyou.com/mp/10084/vincent_cable/twickenham
10085,Richard,Caborn,Labour,"Sheffield Central",https://www.theyworkforyou.com/mp/10085/richard_caborn/sheffield_central
10086,Alan,Campbell,Labour,Tynemouth,https://www.theyworkforyou.com/mp/10086/alan_campbell/tynemouth
10087,Anne,Campbell,Labour,Cambridge,https://www.theyworkforyou.com/mp/10087/mrs_anne_campbell/cambridge
10088,Menzies,Campbell,"Liberal Democrat","North East Fife",https://www.theyworkforyou.com/mp/10088/menzies_campbell/north_east_fife
10089,Ronnie,Campbell,Labour,"Blyth Valley",https://www.theyworkforyou.com/mp/10089/ronnie_campbell/blyth_valley
10090,Dale,Campbell-Savours,Labour,Workington,https://www.theyworkforyou.com/mp/10090/mr_dale_campbell-savours/workington
10091,Dennis,Canavan,Labour,"Falkirk West",https://www.theyworkforyou.com/mp/10091/dennis_canavan/falkirk_west
10092,Jamie,Cann,Labour,Ipswich,https://www.theyworkforyou.com/mp/10092/mr_jamie_cann/ipswich
10093,Ivor,Caplin,Labour,Hove,https://www.theyworkforyou.com/mp/10093/mr_ivor_caplin/hove
10094,Roger,Casale,Labour,Wimbledon,https://www.theyworkforyou.com/mp/10094/mr_roger_casale/wimbledon
10095,Bill,Cash,Conservative,Stone,https://www.theyworkforyou.com/mp/10095/bill_cash/stone
10096,Martin,Caton,Labour,Gower,https://www.theyworkforyou.com/mp/10096/martin_caton/gower
10097,Ian,Cawsey,Labour,"Brigg and Goole",https://www.theyworkforyou.com/mp/10097/ian_cawsey/brigg_and_goole
10098,Ben,Chapman,Labour,"Wirral South",https://www.theyworkforyou.com/mp/10098/ben_chapman/wirral_south
10099,Sydney,Chapman,Conservative,"Chipping Barnet",https://www.theyworkforyou.com/mp/10099/sir_sydney_chapman/chipping_barnet
10100,David,Chaytor,Labour,"Bury North",https://www.theyworkforyou.com/mp/10100/david_chaytor/bury_north
10101,David,Chidgey,"Liberal Democrat",Eastleigh,https://www.theyworkforyou.com/mp/10101/mr_david_chidgey/eastleigh
10102,Malcolm,Chisholm,Labour,"Edinburgh North and Leith",https://www.theyworkforyou.com/mp/10102/malcolm_chisholm/edinburgh_north_and_leith
10103,Christopher,Chope,Conservative,Christchurch,https://www.theyworkforyou.com/mp/10103/christopher_chope/christchurch
10104,Judith,Church,Labour,Dagenham,https://www.theyworkforyou.com/mp/10104/ms_judith_church/dagenham
10105,Michael,Clapham,Labour,"Barnsley West and Penistone",https://www.theyworkforyou.com/mp/10105/michael_clapham/barnsley_west_and_penistone
10106,James,Clappison,Conservative,Hertsmere,https://www.theyworkforyou.com/mp/10106/james_clappison/hertsmere
10107,Alan,Clark,Conservative,"Kensington and Chelsea",https://www.theyworkforyou.com/mp/10107/mr_alan_clark/kensington_and_chelsea
10108,David,Clark,Labour,"South Shields",https://www.theyworkforyou.com/mp/10108/dr_david_clark/south_shields
10109,Helen,Clark,Labour,Peterborough,https://www.theyworkforyou.com/mp/10109/ms_helen_clark/peterborough
10110,Lynda,Clark,Labour,"Edinburgh Pentlands",https://www.theyworkforyou.com/mp/10110/dr_lynda_clark/edinburgh_pentlands
10111,Michael,Clark,Conservative,Rayleigh,https://www.theyworkforyou.com/mp/10111/dr_michael_clark/rayleigh
10112,Paul,Clark,Labour,Gillingham,https://www.theyworkforyou.com/mp/10112/paul_clark/gillingham
10113,Charles,Clarke,Labour,"Norwich South",https://www.theyworkforyou.com/mp/10113/charles_clarke/norwich_south
10114,Eric,Clarke,Labour,Midlothian,https://www.theyworkforyou.com/mp/10114/mr_eric_clarke/midlothian
10115,Kenneth,Clarke,Conservative,Rushcliffe,https://www.theyworkforyou.com/mp/10115/kenneth_clarke/rushcliffe
10116,Tom,Clarke,Labour,"Coatbridge and Chryston",https://www.theyworkforyou.com/mp/10116/tom_clarke/coatbridge_and_chryston
10117,Tony,Clarke,Labour,"Northampton South",https://www.theyworkforyou.com/mp/10117/mr_tony_clarke/northampton_south
10118,David,Clelland,Labour,"Tyne Bridge",https://www.theyworkforyou.com/mp/10118/david_clelland/tyne_bridge
10119,Geoffrey,Clifton-Brown,Conservative,Cotswold,https://www.theyworkforyou.com/mp/10119/geoffrey_clifton-brown/cotswold
10120,Ann,Clwyd,Labour,"Cynon Valley",https://www.theyworkforyou.com/mp/10120/ann_clwyd/cynon_valley
10121,Vernon,Coaker,Labour,Gedling,https://www.theyworkforyou.com/mp/10121/vernon_coaker/gedling
10122,Ann,Coffey,Labour,Stockport,https://www.theyworkforyou.com/mp/10122/ann_coffey/stockport
10123,Harry,Cohen,Labour,"Leyton and Wanstead",https://www.theyworkforyou.com/mp/10123/harry_cohen/leyton_and_wanstead
10124,Iain,Coleman,Labour,"Hammersmith and Fulham",https://www.theyworkforyou.com/mp/10124/mr_iain_coleman/hammersmith_and_fulham
10125,Tim,Collins,Conservative,"Westmorland and Lonsdale",https://www.theyworkforyou.com/mp/10125/mr_tim_collins/westmorland_and_lonsdale
10126,Tony,Colman,Labour,Putney,https://www.theyworkforyou.com/mp/10126/mr_tony_colman/putney
10127,Michael,Colvin,Conservative,Romsey,https://www.theyworkforyou.com/mp/10127/mr_michael_colvin/romsey
10128,Michael,Connarty,Labour,"Falkirk East",https://www.theyworkforyou.com/mp/10128/michael_connarty/falkirk_east
10129,Frank,Cook,Labour,"Stockton North",https://www.theyworkforyou.com/mp/10129/frank_cook/stockton_north
10130,Robin,Cook,Labour,Livingston,https://www.theyworkforyou.com/mp/10130/robin_cook/livingston
10131,Yvette,Cooper,Labour,"Pontefract and Castleford",https://www.theyworkforyou.com/mp/10131/yvette_cooper/pontefract_and_castleford
10132,Robin,Corbett,Labour,"Birmingham, Erdington",https://www.theyworkforyou.com/mp/10132/mr_robin_corbett/birmingham%2C_erdington
10133,Jeremy,Corbyn,Labour,"Islington North",https://www.theyworkforyou.com/mp/10133/jeremy_corbyn/islington_north
10134,Patrick,Cormack,Conservative,"South Staffordshire",https://www.theyworkforyou.com/mp/10134/patrick_cormack/south_staffordshire
10135,Jean,Corston,Labour,"Bristol East",https://www.theyworkforyou.com/mp/10135/ms_jean_corston/bristol_east
10136,Brian,Cotter,"Liberal Democrat",Weston-Super-Mare,https://www.theyworkforyou.com/mp/10136/mr_brian_cotter/weston-super-mare
10137,Jim,Cousins,Labour,"Newcastle upon Tyne Central",https://www.theyworkforyou.com/mp/10137/jim_cousins/newcastle_upon_tyne_central
10138,Tom,Cox,Labour,Tooting,https://www.theyworkforyou.com/mp/10138/mr_tom_cox/tooting
10139,James,Cran,Conservative,"Beverley and Holderness",https://www.theyworkforyou.com/mp/10139/mr_james_cran/beverley_and_holderness
10140,Ross,Cranston,Labour,"Dudley North",https://www.theyworkforyou.com/mp/10140/professor_ross_cranston/dudley_north
10141,David,Crausby,Labour,"Bolton North East",https://www.theyworkforyou.com/mp/10141/david_crausby/bolton_north_east
10142,Ann,Cryer,Labour,Keighley,https://www.theyworkforyou.com/mp/10142/ann_cryer/keighley
10143,John,Cryer,Labour,Hornchurch,https://www.theyworkforyou.com/mp/10143/john_cryer/hornchurch
10144,John,Cummings,Labour,Easington,https://www.theyworkforyou.com/mp/10144/john_cummings/easington
10145,Lawrence,Cunliffe,Labour,Leigh,https://www.theyworkforyou.com/mp/10145/mr_lawrence_cunliffe/leigh
10146,Jack,Cunningham,Labour,Copeland,https://www.theyworkforyou.com/mp/10146/dr_jack_cunningham/copeland
10147,Jim,Cunningham,Labour,"Coventry South",https://www.theyworkforyou.com/mp/10147/jim_cunningham/coventry_south
10148,Roseanna,Cunningham,"Scottish National Party",Perth,https://www.theyworkforyou.com/mp/10148/roseanna_cunningham/perth
10149,David,Curry,Conservative,"Skipton and Ripon",https://www.theyworkforyou.com/mp/10149/david_curry/skipton_and_ripon
10150,Claire,Curtis-Thomas,Labour,Crosby,https://www.theyworkforyou.com/mp/10150/claire_curtis-thomas/crosby
10151,Cynog,Dafis,"Plaid Cymru",Ceredigion,https://www.theyworkforyou.com/mp/10151/mr_cynog_dafis/ceredigion
10152,Tam,Dalyell,Labour,Linlithgow,https://www.theyworkforyou.com/mp/10152/mr_tam_dalyell/linlithgow
10153,Alistair,Darling,Labour,"Edinburgh Central",https://www.theyworkforyou.com/mp/10153/alistair_darling/edinburgh_central
10154,Keith,Darvill,Labour,Upminster,https://www.theyworkforyou.com/mp/10154/mr_keith_darvill/upminster
10155,Edward,Davey,"Liberal Democrat","Kingston and Surbiton",https://www.theyworkforyou.com/mp/10155/edward_davey/kingston_and_surbiton
10156,Valerie,Davey,Labour,"Bristol West",https://www.theyworkforyou.com/mp/10156/mrs_valerie_davey/bristol_west
10157,Ian,Davidson,Labour/Co-operative,"Glasgow Pollok",https://www.theyworkforyou.com/mp/10157/ian_davidson/glasgow_pollok
10158,Denzil,Davies,Labour,Llanelli,https://www.theyworkforyou.com/mp/10158/mr_denzil_davies/llanelli
10159,Geraint,Davies,Labour,"Croydon Central",https://www.theyworkforyou.com/mp/10159/geraint_davies/croydon_central
10160,Quentin,Davies,Conservative,"Grantham and Stamford",https://www.theyworkforyou.com/mp/10160/quentin_davies/grantham_and_stamford
10161,Ron,Davies,Labour,Caerphilly,https://www.theyworkforyou.com/mp/10161/mr_ron_davies/caerphilly
10162,David,Davis,Conservative,"Haltemprice and Howden",https://www.theyworkforyou.com/mp/10162/david_davis/haltemprice_and_howden
10163,Terry,Davis,Labour,"Birmingham, Hodge Hill",https://www.theyworkforyou.com/mp/10163/mr_terry_davis/birmingham%2C_hodge_hill
10164,Hilton,Dawson,Labour,"Lancaster and Wyre",https://www.theyworkforyou.com/mp/10164/mr_hilton_dawson/lancaster_and_wyre
10165,Stephen,Day,Conservative,Cheadle,https://www.theyworkforyou.com/mp/10165/mr_stephen_day/cheadle
10166,Janet,Dean,Labour,Burton,https://www.theyworkforyou.com/mp/10166/janet_dean/burton
10167,John,Denham,Labour,"Southampton, Itchen",https://www.theyworkforyou.com/mp/10167/john_denham/southampton%2C_itchen
10168,Donald,Dewar,Labour,"Glasgow Anniesland",https://www.theyworkforyou.com/mp/10168/donald_dewar/glasgow_anniesland
10169,Andrew,Dismore,Labour,Hendon,https://www.theyworkforyou.com/mp/10169/andrew_dismore/hendon
10170,Jim,Dobbin,Labour/Co-operative,"Heywood and Middleton",https://www.theyworkforyou.com/mp/10170/jim_dobbin/heywood_and_middleton
10171,Frank,Dobson,Labour,"Holborn and St Pancras",https://www.theyworkforyou.com/mp/10171/frank_dobson/holborn_and_st_pancras
10172,"Jeffrey M.",Donaldson,UUP,"Lagan Valley",https://www.theyworkforyou.com/mp/10172/jeffrey_m._donaldson/lagan_valley
10173,"Brian H",Donohoe,Labour,"Cunninghame South",https://www.theyworkforyou.com/mp/10173/brian_h_donohoe/cunninghame_south
10174,Frank,Doran,Labour,"Aberdeen Central",https://www.theyworkforyou.com/mp/10174/frank_doran/aberdeen_central
10175,Stephen,Dorrell,Conservative,Charnwood,https://www.theyworkforyou.com/mp/10175/stephen_dorrell/charnwood
10176,Jim,Dowd,Labour,"Lewisham West",https://www.theyworkforyou.com/mp/10176/jim_dowd/lewisham_west
10177,David,Drew,Labour/Co-operative,Stroud,https://www.theyworkforyou.com/mp/10177/david_drew/stroud
10178,Julia,Drown,Labour,"South Swindon",https://www.theyworkforyou.com/mp/10178/ms_julia_drown/south_swindon
10179,Alan,Duncan,Conservative,"Rutland and Melton",https://www.theyworkforyou.com/mp/10179/alan_duncan/rutland_and_melton
10180,Iain,"Duncan Smith",Conservative,"Chingford and Woodford Green",https://www.theyworkforyou.com/mp/10180/iain_duncan_smith/chingford_and_woodford_green
10181,Gwyneth,Dunwoody,Labour,"Crewe and Nantwich",https://www.theyworkforyou.com/mp/10181/gwyneth_dunwoody/crewe_and_nantwich
10182,Angela,Eagle,Labour,Wallasey,https://www.theyworkforyou.com/mp/10182/angela_eagle/wallasey
10183,Maria,Eagle,Labour,"Liverpool, Garston",https://www.theyworkforyou.com/mp/10183/maria_eagle/liverpool%2C_garston
10184,Huw,Edwards,Labour,Monmouth,https://www.theyworkforyou.com/mp/10184/mr_huw_edwards/monmouth
10185,Clive,Efford,Labour,Eltham,https://www.theyworkforyou.com/mp/10185/clive_efford/eltham
10186,Louise,Ellman,Labour/Co-operative,"Liverpool, Riverside",https://www.theyworkforyou.com/mp/10186/louise_ellman/liverpool%2C_riverside
10187,Peter,Emery,Conservative,"East Devon",https://www.theyworkforyou.com/mp/10187/sir_peter_emery/east_devon
10188,Jeff,Ennis,Labour,"Barnsley East and Mexborough",https://www.theyworkforyou.com/mp/10188/jeff_ennis/barnsley_east_and_mexborough
10189,Bill,Etherington,Labour,"Sunderland North",https://www.theyworkforyou.com/mp/10189/bill_etherington/sunderland_north
10190,Nigel,Evans,Conservative,"Ribble Valley",https://www.theyworkforyou.com/mp/10190/nigel_evans/ribble_valley
10191,Margaret,Ewing,"Scottish National Party",Moray,https://www.theyworkforyou.com/mp/10191/margaret_ewing/moray
10192,David,Faber,Conservative,Westbury,https://www.theyworkforyou.com/mp/10192/mr_david_faber/westbury
10193,Michael,Fabricant,Conservative,Lichfield,https://www.theyworkforyou.com/mp/10193/michael_fabricant/lichfield
10194,Michael,Fallon,Conservative,Sevenoaks,https://www.theyworkforyou.com/mp/10194/michael_fallon/sevenoaks
10195,Derek,Fatchett,Labour,"Leeds Central",https://www.theyworkforyou.com/mp/10195/mr_derek_fatchett/leeds_central
10196,Ronnie,Fearn,"Liberal Democrat",Southport,https://www.theyworkforyou.com/mp/10196/mr_ronnie_fearn/southport
10197,Frank,Field,Labour,Birkenhead,https://www.theyworkforyou.com/mp/10197/frank_field/birkenhead
10198,Mark,Fisher,Labour,"Stoke-on-Trent Central",https://www.theyworkforyou.com/mp/10198/mark_fisher/stoke-on-trent_central
10199,Jim,Fitzpatrick,Labour,"Poplar and Canning Town",https://www.theyworkforyou.com/mp/10199/jim_fitzpatrick/poplar_and_canning_town
10200,Lorna,Fitzsimons,Labour,Rochdale,https://www.theyworkforyou.com/mp/10200/ms_lorna_fitzsimons/rochdale
10201,Howard,Flight,Conservative,"Arundel and South Downs",https://www.theyworkforyou.com/mp/10201/mr_howard_flight/arundel_and_south_downs
10202,Caroline,Flint,Labour,"Don Valley",https://www.theyworkforyou.com/mp/10202/caroline_flint/don_valley
10203,Paul,Flynn,Labour,"Newport West",https://www.theyworkforyou.com/mp/10203/paul_flynn/newport_west
10204,Barbara,Follett,Labour,Stevenage,https://www.theyworkforyou.com/mp/10204/barbara_follett/stevenage
10205,Clifford,Forsythe,UUP,"South Antrim",https://www.theyworkforyou.com/mp/10205/mr_clifford_forsythe/south_antrim
10206,Eric,Forth,Conservative,"Bromley and Chislehurst",https://www.theyworkforyou.com/mp/10206/eric_forth/bromley_and_chislehurst
10207,Derek,Foster,Labour,"Bishop Auckland",https://www.theyworkforyou.com/mp/10207/mr_derek_foster/bishop_auckland
10208,Don,Foster,"Liberal Democrat",Bath,https://www.theyworkforyou.com/mp/10208/don_foster/bath
10209,Michael,Foster,Labour,Worcester,https://www.theyworkforyou.com/mp/10209/michael_foster/worcester
10210,"Michael Jabez",Foster,Labour,"Hastings and Rye",https://www.theyworkforyou.com/mp/10210/michael_jabez_foster/hastings_and_rye
10211,George,Foulkes,Labour/Co-operative,"Carrick, Cumnock and Doon Valley",https://www.theyworkforyou.com/mp/10211/mr_george_foulkes/carrick%2C_cumnock_and_doon_valley
10212,Norman,Fowler,Conservative,"Sutton Coldfield",https://www.theyworkforyou.com/mp/10212/mr_norman_fowler/sutton_coldfield
10213,Liam,Fox,Conservative,Woodspring,https://www.theyworkforyou.com/mp/10213/liam_fox/woodspring
10214,Christopher,Fraser,Conservative,"Mid Dorset and North Poole",https://www.theyworkforyou.com/mp/10214/christopher_fraser/mid_dorset_and_north_poole
10215,Maria,Fyfe,Labour,"Glasgow Maryhill",https://www.theyworkforyou.com/mp/10215/mrs_maria_fyfe/glasgow_maryhill
10216,Sam,Galbraith,Labour,"Strathkelvin and Bearsden",https://www.theyworkforyou.com/mp/10216/sam_galbraith/strathkelvin_and_bearsden
10217,Roger,Gale,Conservative,"North Thanet",https://www.theyworkforyou.com/mp/10217/roger_gale/north_thanet
10218,George,Galloway,Labour,"Glasgow Kelvin",https://www.theyworkforyou.com/mp/10218/george_galloway/glasgow_kelvin
10219,Mike,Gapes,Labour/Co-operative,"Ilford South",https://www.theyworkforyou.com/mp/10219/mike_gapes/ilford_south
10220,Barry,Gardiner,Labour,"Brent North",https://www.theyworkforyou.com/mp/10220/barry_gardiner/brent_north
10221,Edward,Garnier,Conservative,Harborough,https://www.theyworkforyou.com/mp/10221/edward_garnier/harborough
10222,Andrew,George,"Liberal Democrat","St Ives",https://www.theyworkforyou.com/mp/10222/andrew_george/st_ives
10223,Bruce,George,Labour,"Walsall South",https://www.theyworkforyou.com/mp/10223/bruce_george/walsall_south
10224,Neil,Gerrard,Labour,Walthamstow,https://www.theyworkforyou.com/mp/10224/neil_gerrard/walthamstow
10225,Nick,Gibb,Conservative,"Bognor Regis and Littlehampton",https://www.theyworkforyou.com/mp/10225/nick_gibb/bognor_regis_and_littlehampton
10226,Ian,Gibson,Labour,"Norwich North",https://www.theyworkforyou.com/mp/10226/ian_gibson/norwich_north
10227,Christopher,Gill,Conservative,Ludlow,https://www.theyworkforyou.com/mp/10227/mr_christopher_gill/ludlow
10228,Cheryl,Gillan,Conservative,"Chesham and Amersham",https://www.theyworkforyou.com/mp/10228/dame_cheryl_gillan/chesham_and_amersham
10229,Linda,Gilroy,Labour/Co-operative,"Plymouth, Sutton",https://www.theyworkforyou.com/mp/10229/linda_gilroy/plymouth%2C_sutton
10230,Norman,Godman,Labour,"Greenock and Inverclyde",https://www.theyworkforyou.com/mp/10230/dr_norman_godman/greenock_and_inverclyde
10231,Roger,Godsiff,Labour,"Birmingham, Sparkbrook and Small Heath",https://www.theyworkforyou.com/mp/10231/roger_godsiff/birmingham%2C_sparkbrook_and_small_heath
10232,Paul,Goggins,Labour,"Wythenshawe and Sale East",https://www.theyworkforyou.com/mp/10232/paul_goggins/wythenshawe_and_sale_east
10233,Llin,Golding,Labour,Newcastle-under-Lyme,https://www.theyworkforyou.com/mp/10233/mrs_llin_golding/newcastle-under-lyme
10234,Alastair,Goodlad,Conservative,Eddisbury,https://www.theyworkforyou.com/mp/10234/mr_alastair_goodlad/eddisbury
10235,Eileen,Gordon,Labour,Romford,https://www.theyworkforyou.com/mp/10235/mrs_eileen_gordon/romford
10236,Teresa,Gorman,Conservative,Billericay,https://www.theyworkforyou.com/mp/10236/mrs_teresa_gorman/billericay
10237,Donald,Gorrie,"Liberal Democrat","Edinburgh West",https://www.theyworkforyou.com/mp/10237/donald_gorrie/edinburgh_west
10238,Tommy,Graham,Labour,"West Renfrewshire",https://www.theyworkforyou.com/mp/10238/tommy_graham/west_renfrewshire
10239,Bernie,Grant,Labour,Tottenham,https://www.theyworkforyou.com/mp/10239/mr_bernie_grant/tottenham
10240,James,Gray,Conservative,"North Wiltshire",https://www.theyworkforyou.com/mp/10240/james_gray/north_wiltshire
10241,Damian,Green,Conservative,Ashford,https://www.theyworkforyou.com/mp/10241/damian_green/ashford
10242,John,Greenway,Conservative,Ryedale,https://www.theyworkforyou.com/mp/10242/john_greenway/ryedale
10243,Dominic,Grieve,Conservative,Beaconsfield,https://www.theyworkforyou.com/mp/10243/dominic_grieve/beaconsfield
10244,Jane,Griffiths,Labour,"Reading East",https://www.theyworkforyou.com/mp/10244/ms_jane_griffiths/reading_east
10245,Nigel,Griffiths,Labour,"Edinburgh South",https://www.theyworkforyou.com/mp/10245/nigel_griffiths/edinburgh_south
10246,Win,Griffiths,Labour,Bridgend,https://www.theyworkforyou.com/mp/10246/mr_win_griffiths/bridgend
10247,Bruce,Grocott,Labour,Telford,https://www.theyworkforyou.com/mp/10247/mr_bruce_grocott/telford
10248,John,Grogan,Labour,Selby,https://www.theyworkforyou.com/mp/10248/john_grogan/selby
10249,John,Gummer,Conservative,"Suffolk Coastal",https://www.theyworkforyou.com/mp/10249/john_gummer/suffolk_coastal
10250,John,Gunnell,Labour,"Morley and Rothwell",https://www.theyworkforyou.com/mp/10250/mr_john_gunnell/morley_and_rothwell
10251,William,Hague,Conservative,"Richmond (Yorks)",https://www.theyworkforyou.com/mp/10251/william_hague/richmond_%28yorks%29
10252,Peter,Hain,Labour,Neath,https://www.theyworkforyou.com/mp/10252/peter_hain/neath
10253,Mike,Hall,Labour,"Weaver Vale",https://www.theyworkforyou.com/mp/10253/mike_hall/weaver_vale
10254,Patrick,Hall,Labour,Bedford,https://www.theyworkforyou.com/mp/10254/patrick_hall/bedford
10255,Archie,Hamilton,Conservative,"Epsom and Ewell",https://www.theyworkforyou.com/mp/10255/sir_archie_hamilton/epsom_and_ewell
10256,Fabian,Hamilton,Labour,"Leeds North East",https://www.theyworkforyou.com/mp/10256/fabian_hamilton/leeds_north_east
10257,Philip,Hammond,Conservative,"Runnymede and Weybridge",https://www.theyworkforyou.com/mp/10257/philip_hammond/runnymede_and_weybridge
10258,Mike,Hancock,"Liberal Democrat","Portsmouth South",https://www.theyworkforyou.com/mp/10258/mike_hancock/portsmouth_south
10259,David,Hanson,Labour,Delyn,https://www.theyworkforyou.com/mp/10259/david_hanson/delyn
10260,Harriet,Harman,Labour,"Camberwell and Peckham",https://www.theyworkforyou.com/mp/10260/harriet_harman/camberwell_and_peckham
10261,Evan,Harris,"Liberal Democrat","Oxford West and Abingdon",https://www.theyworkforyou.com/mp/10261/evan_harris/oxford_west_and_abingdon
10262,Nick,Harvey,"Liberal Democrat","North Devon",https://www.theyworkforyou.com/mp/10262/nick_harvey/north_devon
10263,Alan,Haselhurst,"Deputy Speaker","Saffron Walden",https://www.theyworkforyou.com/mp/10263/alan_haselhurst/saffron_walden
10264,Nick,Hawkins,Conservative,"Surrey Heath",https://www.theyworkforyou.com/mp/10264/mr_nick_hawkins/surrey_heath
10265,John,Hayes,Conservative,"South Holland and The Deepings",https://www.theyworkforyou.com/mp/10265/john_hayes/south_holland_and_the_deepings
10266,Sylvia,Heal,Labour,"Halesowen and Rowley Regis",https://www.theyworkforyou.com/mp/10266/sylvia_heal/halesowen_and_rowley_regis
10267,Oliver,Heald,Conservative,"North East Hertfordshire",https://www.theyworkforyou.com/mp/10267/oliver_heald/north_east_hertfordshire
10268,John,Healey,Labour,Wentworth,https://www.theyworkforyou.com/mp/10268/john_healey/wentworth
10269,David,Heath,"Liberal Democrat","Somerton and Frome",https://www.theyworkforyou.com/mp/10269/david_heath/somerton_and_frome
10270,Edward,Heath,Conservative,"Old Bexley and Sidcup",https://www.theyworkforyou.com/mp/10270/mr_edward_heath/old_bexley_and_sidcup
10271,David,Heathcoat-Amory,Conservative,Wells,https://www.theyworkforyou.com/mp/10271/david_heathcoat-amory/wells
10272,Doug,Henderson,Labour,"Newcastle upon Tyne North",https://www.theyworkforyou.com/mp/10272/doug_henderson/newcastle_upon_tyne_north
10273,Ivan,Henderson,Labour,Harwich,https://www.theyworkforyou.com/mp/10273/mr_ivan_henderson/harwich
10274,Stephen,Hepburn,Labour,Jarrow,https://www.theyworkforyou.com/mp/10274/stephen_hepburn/jarrow
10275,John,Heppell,Labour,"Nottingham East",https://www.theyworkforyou.com/mp/10275/john_heppell/nottingham_east
10276,Michael,Heseltine,Conservative,Henley,https://www.theyworkforyou.com/mp/10276/mr_michael_heseltine/henley
10277,Stephen,Hesford,Labour,"Wirral West",https://www.theyworkforyou.com/mp/10277/stephen_hesford/wirral_west
10278,Patricia,Hewitt,Labour,"Leicester West",https://www.theyworkforyou.com/mp/10278/patricia_hewitt/leicester_west
10279,Keith,Hill,Labour,Streatham,https://www.theyworkforyou.com/mp/10279/keith_hill/streatham
10280,David,Hinchliffe,Labour,Wakefield,https://www.theyworkforyou.com/mp/10280/mr_david_hinchliffe/wakefield
10281,Margaret,Hodge,Labour,Barking,https://www.theyworkforyou.com/mp/10281/margaret_hodge/barking
10282,Kate,Hoey,Labour,Vauxhall,https://www.theyworkforyou.com/mp/10282/kate_hoey/vauxhall
10283,Douglas,Hogg,Conservative,"Sleaford and North Hykeham",https://www.theyworkforyou.com/mp/10283/douglas_hogg/sleaford_and_north_hykeham
10284,John,"Home Robertson",Labour,"East Lothian",https://www.theyworkforyou.com/mp/10284/john_home_robertson/east_lothian
10285,Jimmy,Hood,Labour,Clydesdale,https://www.theyworkforyou.com/mp/10285/jimmy_hood/clydesdale
10286,Geoff,Hoon,Labour,Ashfield,https://www.theyworkforyou.com/mp/10286/geoff_hoon/ashfield
10287,Phil,Hope,Labour/Co-operative,Corby,https://www.theyworkforyou.com/mp/10287/phil_hope/corby
10288,Kelvin,Hopkins,Labour,"Luton North",https://www.theyworkforyou.com/mp/10288/kelvin_hopkins/luton_north
10289,John,Horam,Conservative,Orpington,https://www.theyworkforyou.com/mp/10289/john_horam/orpington
10290,Michael,Howard,Conservative,"Folkestone and Hythe",https://www.theyworkforyou.com/mp/10290/michael_howard/folkestone_and_hythe
10291,Alan,Howarth,Labour,"Newport East",https://www.theyworkforyou.com/mp/10291/mr_alan_howarth/newport_east
10292,George,Howarth,Labour,"Knowsley North and Sefton East",https://www.theyworkforyou.com/mp/10292/george_howarth/knowsley_north_and_sefton_east
10293,Gerald,Howarth,Conservative,Aldershot,https://www.theyworkforyou.com/mp/10293/gerald_howarth/aldershot
10294,Kim,Howells,Labour,Pontypridd,https://www.theyworkforyou.com/mp/10294/kim_howells/pontypridd
10295,Lindsay,Hoyle,Labour,Chorley,https://www.theyworkforyou.com/mp/10295/lindsay_hoyle/chorley
10296,Beverley,Hughes,Labour,"Stretford and Urmston",https://www.theyworkforyou.com/mp/10296/beverley_hughes/stretford_and_urmston
10297,Kevin,Hughes,Labour,"Doncaster North",https://www.theyworkforyou.com/mp/10297/mr_kevin_hughes/doncaster_north
10298,Simon,Hughes,"Liberal Democrat","North Southwark and Bermondsey",https://www.theyworkforyou.com/mp/10298/simon_hughes/north_southwark_and_bermondsey
10299,Joan,Humble,Labour,"Blackpool North and Fleetwood",https://www.theyworkforyou.com/mp/10299/joan_humble/blackpool_north_and_fleetwood
10300,John,Hume,"Social Democratic and Labour Party",Foyle,https://www.theyworkforyou.com/mp/10300/mr_john_hume/foyle
10301,Andrew,Hunter,Conservative,Basingstoke,https://www.theyworkforyou.com/mp/10301/mr_andrew_hunter/basingstoke
10302,Alan,Hurst,Labour,Braintree,https://www.theyworkforyou.com/mp/10302/mr_alan_hurst/braintree
10303,John,Hutton,Labour,"Barrow and Furness",https://www.theyworkforyou.com/mp/10303/john_hutton/barrow_and_furness
10304,Brian,Iddon,Labour,"Bolton South East",https://www.theyworkforyou.com/mp/10304/brian_iddon/bolton_south_east
10305,Eric,Illsley,Labour,"Barnsley Central",https://www.theyworkforyou.com/mp/10305/eric_illsley/barnsley_central
10306,Adam,Ingram,Labour,"East Kilbride",https://www.theyworkforyou.com/mp/10306/adam_ingram/east_kilbride
10307,Michael,Jack,Conservative,Fylde,https://www.theyworkforyou.com/mp/10307/michael_jack/fylde
10308,Glenda,Jackson,Labour,"Hampstead and Highgate",https://www.theyworkforyou.com/mp/10308/glenda_jackson/hampstead_and_highgate
10309,Helen,Jackson,Labour,"Sheffield, Hillsborough",https://www.theyworkforyou.com/mp/10309/mrs_helen_jackson/sheffield%2C_hillsborough
10310,Robert,Jackson,Conservative,Wantage,https://www.theyworkforyou.com/mp/10310/robert_jackson/wantage
10311,David,Jamieson,Labour,"Plymouth, Devonport",https://www.theyworkforyou.com/mp/10311/mr_david_jamieson/plymouth%2C_devonport
10312,Bernard,Jenkin,Conservative,"North Essex",https://www.theyworkforyou.com/mp/10312/bernard_jenkin/north_essex
10313,Brian,Jenkins,Labour,Tamworth,https://www.theyworkforyou.com/mp/10313/brian_jenkins/tamworth
10314,Alan,Johnson,Labour,"Kingston upon Hull West and Hessle",https://www.theyworkforyou.com/mp/10314/alan_johnson/kingston_upon_hull_west_and_hessle
10315,Melanie,Johnson,Labour,"Welwyn Hatfield",https://www.theyworkforyou.com/mp/10315/miss_melanie_johnson/welwyn_hatfield
10316,Geoffrey,"Johnson Smith",Conservative,Wealden,https://www.theyworkforyou.com/mp/10316/sir_geoffrey_johnson_smith/wealden
10317,Barry,Jones,Labour,"Alyn and Deeside",https://www.theyworkforyou.com/mp/10317/mr_barry_jones/alyn_and_deeside
10318,Fiona,Jones,Labour,Newark,https://www.theyworkforyou.com/mp/10318/fiona_jones/newark
10319,Helen,Jones,Labour,"Warrington North",https://www.theyworkforyou.com/mp/10319/helen_jones/warrington_north
10320,"Ieuan Wyn",Jones,"Plaid Cymru","Ynys Môn",https://www.theyworkforyou.com/mp/10320/mr_ieuan_wyn_jones/ynys_mon
10321,Jenny,Jones,Labour,"Wolverhampton South West",https://www.theyworkforyou.com/mp/10321/ms_jenny_jones/wolverhampton_south_west
10322,"Jon Owen",Jones,Labour/Co-operative,"Cardiff Central",https://www.theyworkforyou.com/mp/10322/mr_jon_owen_jones/cardiff_central
10323,Lynne,Jones,Labour,"Birmingham, Selly Oak",https://www.theyworkforyou.com/mp/10323/lynne_jones/birmingham%2C_selly_oak
10324,Martyn,Jones,Labour,"Clwyd South",https://www.theyworkforyou.com/mp/10324/martyn_jones/clwyd_south
10325,Nigel,Jones,"Liberal Democrat",Cheltenham,https://www.theyworkforyou.com/mp/10325/mr_nigel_jones/cheltenham
10326,Tessa,Jowell,Labour,"Dulwich and West Norwood",https://www.theyworkforyou.com/mp/10326/tessa_jowell/dulwich_and_west_norwood
10327,Gerald,Kaufman,Labour,"Manchester, Gorton",https://www.theyworkforyou.com/mp/10327/gerald_kaufman/manchester%2C_gorton
10328,Sally,Keeble,Labour,"Northampton North",https://www.theyworkforyou.com/mp/10328/sally_keeble/northampton_north
10329,Alan,Keen,Labour/Co-operative,"Feltham and Heston",https://www.theyworkforyou.com/mp/10329/alan_keen/feltham_and_heston
10330,Ann,Keen,Labour,"Brentford and Isleworth",https://www.theyworkforyou.com/mp/10330/ann_keen/brentford_and_isleworth
10331,Paul,Keetch,"Liberal Democrat",Hereford,https://www.theyworkforyou.com/mp/10331/paul_keetch/hereford
10332,Ruth,Kelly,Labour,"Bolton West",https://www.theyworkforyou.com/mp/10332/ruth_kelly/bolton_west
10333,Fraser,Kemp,Labour,"Houghton and Washington East",https://www.theyworkforyou.com/mp/10333/fraser_kemp/houghton_and_washington_east
10334,Charles,Kennedy,"Liberal Democrat","Ross, Skye and Inverness West",https://www.theyworkforyou.com/mp/10334/charles_kennedy/ross%2C_skye_and_inverness_west
10335,Jane,Kennedy,Labour,"Liverpool, Wavertree",https://www.theyworkforyou.com/mp/10335/jane_kennedy/liverpool%2C_wavertree
10336,Robert,Key,Conservative,Salisbury,https://www.theyworkforyou.com/mp/10336/robert_key/salisbury
10337,"Piara S",Khabra,Labour,"Ealing, Southall",https://www.theyworkforyou.com/mp/10337/piara_s_khabra/ealing%2C_southall
10338,David,Kidney,Labour,Stafford,https://www.theyworkforyou.com/mp/10338/david_kidney/stafford
10339,Peter,Kilfoyle,Labour,"Liverpool, Walton",https://www.theyworkforyou.com/mp/10339/peter_kilfoyle/liverpool%2C_walton
10340,Andy,King,Labour,"Rugby and Kenilworth",https://www.theyworkforyou.com/mp/10340/mr_andy_king/rugby_and_kenilworth
10341,Oona,King,Labour,"Bethnal Green and Bow",https://www.theyworkforyou.com/mp/10341/ms_oona_king/bethnal_green_and_bow
10342,Tom,King,Conservative,Bridgwater,https://www.theyworkforyou.com/mp/10342/mr_tom_king/bridgwater
10343,Tess,Kingham,Labour,Gloucester,https://www.theyworkforyou.com/mp/10343/ms_tess_kingham/gloucester
10344,Julie,Kirkbride,Conservative,Bromsgrove,https://www.theyworkforyou.com/mp/10344/julie_kirkbride/bromsgrove
10345,Archy,Kirkwood,"Liberal Democrat","Roxburgh and Berwickshire",https://www.theyworkforyou.com/mp/10345/mr_archy_kirkwood/roxburgh_and_berwickshire
10346,Ashok,Kumar,Labour,"Middlesbrough South and East Cleveland",https://www.theyworkforyou.com/mp/10346/ashok_kumar/middlesbrough_south_and_east_cleveland
10347,Stephen,Ladyman,Labour,"South Thanet",https://www.theyworkforyou.com/mp/10347/stephen_ladyman/south_thanet
10348,Eleanor,Laing,Conservative,"Epping Forest",https://www.theyworkforyou.com/mp/10348/eleanor_laing/epping_forest
10349,Andrew,Lansley,Conservative,"South Cambridgeshire",https://www.theyworkforyou.com/mp/10349/andrew_lansley/south_cambridgeshire
10350,Jackie,Lawrence,Labour,"Preseli Pembrokeshire",https://www.theyworkforyou.com/mp/10350/mrs_jackie_lawrence/preseli_pembrokeshire
10351,Bob,Laxton,Labour,"Derby North",https://www.theyworkforyou.com/mp/10351/bob_laxton/derby_north
10352,Edward,Leigh,Conservative,Gainsborough,https://www.theyworkforyou.com/mp/10352/edward_leigh/gainsborough
10353,David,Lepper,Labour/Co-operative,"Brighton, Pavilion",https://www.theyworkforyou.com/mp/10353/david_lepper/brighton%2C_pavilion
10354,Chris,Leslie,Labour,Shipley,https://www.theyworkforyou.com/mp/10354/chris_leslie/shipley
10355,Oliver,Letwin,Conservative,"West Dorset",https://www.theyworkforyou.com/mp/10355/oliver_letwin/west_dorset
10356,Tom,Levitt,Labour,"High Peak",https://www.theyworkforyou.com/mp/10356/tom_levitt/high_peak
10357,Ivan,Lewis,Labour,"Bury South",https://www.theyworkforyou.com/mp/10357/ivan_lewis/bury_south
10358,Julian,Lewis,Conservative,"New Forest East",https://www.theyworkforyou.com/mp/10358/julian_lewis/new_forest_east
10359,Terry,Lewis,Labour,Worsley,https://www.theyworkforyou.com/mp/10359/mr_terry_lewis/worsley
10360,Helen,Liddell,Labour,"Airdrie and Shotts",https://www.theyworkforyou.com/mp/10360/mrs_helen_liddell/airdrie_and_shotts
10361,David,Lidington,Conservative,Aylesbury,https://www.theyworkforyou.com/mp/10361/david_lidington/aylesbury
10362,Peter,Lilley,Conservative,"Hitchin and Harpenden",https://www.theyworkforyou.com/mp/10362/peter_lilley/hitchin_and_harpenden
10363,Martin,Linton,Labour,Battersea,https://www.theyworkforyou.com/mp/10363/martin_linton/battersea
10364,Ken,Livingstone,Labour,"Brent East",https://www.theyworkforyou.com/mp/10364/ken_livingstone/brent_east
10365,Richard,Livsey,"Liberal Democrat","Brecon and Radnorshire",https://www.theyworkforyou.com/mp/10365/mr_richard_livsey/brecon_and_radnorshire
10366,Peter,Lloyd,Conservative,Fareham,https://www.theyworkforyou.com/mp/10366/sir_peter_lloyd/fareham
10367,Tony,Lloyd,Labour,"Manchester Central",https://www.theyworkforyou.com/mp/10367/tony_lloyd/manchester_central
10368,Elfyn,Llwyd,"Plaid Cymru","Meirionnydd Nant Conwy",https://www.theyworkforyou.com/mp/10368/elfyn_llwyd/meirionnydd_nant_conwy
10369,David,Lock,Labour,"Wyre Forest",https://www.theyworkforyou.com/mp/10369/mr_david_lock/wyre_forest
10370,Michael,Lord,"Deputy Speaker","Central Suffolk and North Ipswich",https://www.theyworkforyou.com/mp/10370/michael_lord/central_suffolk_and_north_ipswich
10371,Tim,Loughton,Conservative,"East Worthing and Shoreham",https://www.theyworkforyou.com/mp/10371/tim_loughton/east_worthing_and_shoreham
10372,Andrew,Love,Labour/Co-operative,Edmonton,https://www.theyworkforyou.com/mp/10372/andrew_love/edmonton
10373,Peter,Luff,Conservative,"Mid Worcestershire",https://www.theyworkforyou.com/mp/10373/peter_luff/mid_worcestershire
10374,Nicholas,Lyell,Conservative,"North East Bedfordshire",https://www.theyworkforyou.com/mp/10374/sir_nicholas_lyell/north_east_bedfordshire
10382,Calum,MacDonald,Labour,"Na h-Eileanan an Iar",https://www.theyworkforyou.com/mp/10382/mr_calum_macdonald/na_h-eileanan_an_iar
10386,John,MacGregor,Conservative,"South Norfolk",https://www.theyworkforyou.com/mp/10386/mr_john_macgregor/south_norfolk
10391,Andrew,MacKay,Conservative,Bracknell,https://www.theyworkforyou.com/mp/10391/andrew_mackay/bracknell
10393,Andrew,MacKinlay,Labour,Thurrock,https://www.theyworkforyou.com/mp/10393/andrew_mackinlay/thurrock
10394,David,Maclean,Conservative,"Penrith and The Border",https://www.theyworkforyou.com/mp/10394/david_maclean/penrith_and_the_border
10396,Robert,Maclennan,"Liberal Democrat","Caithness, Sutherland and Easter Ross",https://www.theyworkforyou.com/mp/10396/mr_robert_maclennan/caithness%2C_sutherland_and_easter_ross
10401,Denis,MacShane,Labour,Rotherham,https://www.theyworkforyou.com/mp/10401/denis_macshane/rotherham
10402,Fiona,Mactaggart,Labour,Slough,https://www.theyworkforyou.com/mp/10402/fiona_mactaggart/slough
10405,David,Madel,Conservative,"South West Bedfordshire",https://www.theyworkforyou.com/mp/10405/mr_david_madel/south_west_bedfordshire
10406,Ken,Maginnis,UUP,"Fermanagh and South Tyrone",https://www.theyworkforyou.com/mp/10406/mr_ken_maginnis/fermanagh_and_south_tyrone
10407,Alice,Mahon,Labour,Halifax,https://www.theyworkforyou.com/mp/10407/mrs_alice_mahon/halifax
10408,John,Major,Conservative,Huntingdon,https://www.theyworkforyou.com/mp/10408/mr_john_major/huntingdon
10409,Humfrey,Malins,Conservative,Woking,https://www.theyworkforyou.com/mp/10409/humfrey_malins/woking
10410,Judy,Mallaber,Labour,"Amber Valley",https://www.theyworkforyou.com/mp/10410/judy_mallaber/amber_valley
10411,Seamus,Mallon,"Social Democratic and Labour Party","Newry and Armagh",https://www.theyworkforyou.com/mp/10411/mr_seamus_mallon/newry_and_armagh
10412,Peter,Mandelson,Labour,Hartlepool,https://www.theyworkforyou.com/mp/10412/mr_peter_mandelson/hartlepool
10413,John,Maples,Conservative,Stratford-on-Avon,https://www.theyworkforyou.com/mp/10413/john_maples/stratford-on-avon
10414,John,Marek,Labour,Wrexham,https://www.theyworkforyou.com/mp/10414/dr_john_marek/wrexham
10415,Gordon,Marsden,Labour,"Blackpool South",https://www.theyworkforyou.com/mp/10415/gordon_marsden/blackpool_south
10416,Paul,Marsden,Labour,"Shrewsbury and Atcham",https://www.theyworkforyou.com/mp/10416/mr_paul_marsden/shrewsbury_and_atcham
10417,David,Marshall,Labour,"Glasgow Shettleston",https://www.theyworkforyou.com/mp/10417/david_marshall/glasgow_shettleston
10418,Jim,Marshall,Labour,"Leicester South",https://www.theyworkforyou.com/mp/10418/dr_jim_marshall/leicester_south
10419,Robert,Marshall-Andrews,Labour,Medway,https://www.theyworkforyou.com/mp/10419/robert_marshall-andrews/medway
10420,Michael,Martin,"Deputy Speaker","Glasgow Springburn",https://www.theyworkforyou.com/mp/10420/michael_martin/glasgow_springburn
10421,Eric,Martlew,Labour,Carlisle,https://www.theyworkforyou.com/mp/10421/eric_martlew/carlisle
10422,Michael,Mates,Conservative,"East Hampshire",https://www.theyworkforyou.com/mp/10422/michael_mates/east_hampshire
10423,Francis,Maude,Conservative,Horsham,https://www.theyworkforyou.com/mp/10423/francis_maude/horsham
10424,Brian,Mawhinney,Conservative,"North West Cambridgeshire",https://www.theyworkforyou.com/mp/10424/dr_brian_mawhinney/north_west_cambridgeshire
10425,John,Maxton,Labour,"Glasgow Cathcart",https://www.theyworkforyou.com/mp/10425/mr_john_maxton/glasgow_cathcart
10426,Theresa,May,Conservative,Maidenhead,https://www.theyworkforyou.com/mp/10426/theresa_may/maidenhead
10375,John,McAllion,Labour,"Dundee East",https://www.theyworkforyou.com/mp/10375/john_mcallion/dundee_east
10376,Thomas,McAvoy,Labour/Co-operative,"Glasgow Rutherglen",https://www.theyworkforyou.com/mp/10376/thomas_mcavoy/glasgow_rutherglen
10377,Steve,McCabe,Labour,"Birmingham, Hall Green",https://www.theyworkforyou.com/mp/10377/steve_mccabe/birmingham%2C_hall_green
10378,Chris,McCafferty,Labour,"Calder Valley",https://www.theyworkforyou.com/mp/10378/chris_mccafferty/calder_valley
10379,Ian,McCartney,Labour,Makerfield,https://www.theyworkforyou.com/mp/10379/ian_mccartney/makerfield
10380,Robert,McCartney,UKUP,"North Down",https://www.theyworkforyou.com/mp/10380/robert_mccartney/north_down
10381,Siobhain,McDonagh,Labour,"Mitcham and Morden",https://www.theyworkforyou.com/mp/10381/siobhain_mcdonagh/mitcham_and_morden
10383,"John Martin",McDonnell,Labour,"Hayes and Harlington",https://www.theyworkforyou.com/mp/10383/john_martin_mcdonnell/hayes_and_harlington
10384,John,McFall,Labour/Co-operative,Dumbarton,https://www.theyworkforyou.com/mp/10384/john_mcfall/dumbarton
10385,Eddie,McGrady,"Social Democratic and Labour Party","South Down",https://www.theyworkforyou.com/mp/10385/eddie_mcgrady/south_down
10387,Martin,McGuinness,"Sinn Féin","Mid Ulster",https://www.theyworkforyou.com/mp/10387/martin_mcguinness/mid_ulster
10388,Anne,McGuire,Labour,Stirling,https://www.theyworkforyou.com/mp/10388/anne_mcguire/stirling
10389,Anne,McIntosh,Conservative,"Vale of York",https://www.theyworkforyou.com/mp/10389/anne_mcintosh/vale_of_york
10390,Shona,McIsaac,Labour,Cleethorpes,https://www.theyworkforyou.com/mp/10390/shona_mcisaac/cleethorpes
10392,Rosemary,McKenna,Labour,"Cumbernauld and Kilsyth",https://www.theyworkforyou.com/mp/10392/rosemary_mckenna/cumbernauld_and_kilsyth
10395,Henry,McLeish,Labour,"Central Fife",https://www.theyworkforyou.com/mp/10395/henry_mcleish/central_fife
10397,Patrick,McLoughlin,Conservative,"West Derbyshire",https://www.theyworkforyou.com/mp/10397/patrick_mcloughlin/west_derbyshire
10398,Gordon,McMaster,Labour,"Paisley South",https://www.theyworkforyou.com/mp/10398/mr_gordon_mcmaster/paisley_south
10399,Kevin,McNamara,Labour,"Kingston upon Hull North",https://www.theyworkforyou.com/mp/10399/mr_kevin_mcnamara/kingston_upon_hull_north
10400,Tony,McNulty,Labour,"Harrow East",https://www.theyworkforyou.com/mp/10400/tony_mcnulty/harrow_east
10403,Tony,McWalter,Labour/Co-operative,"Hemel Hempstead",https://www.theyworkforyou.com/mp/10403/mr_tony_mcwalter/hemel_hempstead
10404,John,McWilliam,Labour,Blaydon,https://www.theyworkforyou.com/mp/10404/mr_john_mcwilliam/blaydon
10427,Michael,Meacher,Labour,"Oldham West and Royton",https://www.theyworkforyou.com/mp/10427/michael_meacher/oldham_west_and_royton
10428,Alan,Meale,Labour,Mansfield,https://www.theyworkforyou.com/mp/10428/alan_meale/mansfield
10429,Piers,Merchant,Conservative,Beckenham,https://www.theyworkforyou.com/mp/10429/mr_piers_merchant/beckenham
10430,Gillian,Merron,Labour,Lincoln,https://www.theyworkforyou.com/mp/10430/gillian_merron/lincoln
10431,Alun,Michael,Labour/Co-operative,"Cardiff South and Penarth",https://www.theyworkforyou.com/mp/10431/alun_michael/cardiff_south_and_penarth
10432,Bill,Michie,Labour,"Sheffield, Heeley",https://www.theyworkforyou.com/mp/10432/mr_bill_michie/sheffield%2C_heeley
10433,Ray,Michie,"Liberal Democrat","Argyll and Bute",https://www.theyworkforyou.com/mp/10433/mrs_ray_michie/argyll_and_bute
10434,Alan,Milburn,Labour,Darlington,https://www.theyworkforyou.com/mp/10434/alan_milburn/darlington
10435,Andrew,Miller,Labour,"Ellesmere Port and Neston",https://www.theyworkforyou.com/mp/10435/andrew_miller/ellesmere_port_and_neston
10436,Austin,Mitchell,Labour,"Great Grimsby",https://www.theyworkforyou.com/mp/10436/austin_mitchell/great_grimsby
10437,Laura,Moffatt,Labour,Crawley,https://www.theyworkforyou.com/mp/10437/laura_moffatt/crawley
10438,Lewis,Moonie,Labour/Co-operative,Kirkcaldy,https://www.theyworkforyou.com/mp/10438/dr_lewis_moonie/kirkcaldy
10439,Michael,Moore,"Liberal Democrat","Tweeddale, Ettrick and Lauderdale",https://www.theyworkforyou.com/mp/10439/michael_moore/tweeddale%2C_ettrick_and_lauderdale
10440,Margaret,Moran,Labour,"Luton South",https://www.theyworkforyou.com/mp/10440/margaret_moran/luton_south
10441,Alasdair,Morgan,"Scottish National Party","Galloway and Upper Nithsdale",https://www.theyworkforyou.com/mp/10441/alasdair_morgan/galloway_and_upper_nithsdale
10442,Julie,Morgan,Labour,"Cardiff North",https://www.theyworkforyou.com/mp/10442/julie_morgan/cardiff_north
10443,Rhodri,Morgan,Labour,"Cardiff West",https://www.theyworkforyou.com/mp/10443/mr_rhodri_morgan/cardiff_west
10444,Elliot,Morley,Labour,Scunthorpe,https://www.theyworkforyou.com/mp/10444/elliot_morley/scunthorpe
10445,Estelle,Morris,Labour,"Birmingham, Yardley",https://www.theyworkforyou.com/mp/10445/ms_estelle_morris/birmingham%2C_yardley
10446,John,Morris,Labour,Aberavon,https://www.theyworkforyou.com/mp/10446/sir_john_morris/aberavon
10447,Malcolm,Moss,Conservative,"North East Cambridgeshire",https://www.theyworkforyou.com/mp/10447/malcolm_moss/north_east_cambridgeshire
10448,Kali,Mountford,Labour,"Colne Valley",https://www.theyworkforyou.com/mp/10448/kali_mountford/colne_valley
10449,Mo,Mowlam,Labour,Redcar,https://www.theyworkforyou.com/mp/10449/dr_mo_mowlam/redcar
10450,George,Mudie,Labour,"Leeds East",https://www.theyworkforyou.com/mp/10450/george_mudie/leeds_east
10451,Chris,Mullin,Labour,"Sunderland South",https://www.theyworkforyou.com/mp/10451/chris_mullin/sunderland_south
10452,Denis,Murphy,Labour,Wansbeck,https://www.theyworkforyou.com/mp/10452/denis_murphy/wansbeck
10453,Jim,Murphy,Labour,"East Renfrewshire",https://www.theyworkforyou.com/mp/10453/jim_murphy/east_renfrewshire
10454,Paul,Murphy,Labour,Torfaen,https://www.theyworkforyou.com/mp/10454/paul_murphy/torfaen
10455,Doug,Naysmith,Labour/Co-operative,"Bristol North West",https://www.theyworkforyou.com/mp/10455/doug_naysmith/bristol_north_west
10456,Patrick,Nicholls,Conservative,Teignbridge,https://www.theyworkforyou.com/mp/10456/mr_patrick_nicholls/teignbridge
10457,Archie,Norman,Conservative,"Tunbridge Wells",https://www.theyworkforyou.com/mp/10457/mr_archie_norman/tunbridge_wells
10458,Dan,Norris,Labour,Wansdyke,https://www.theyworkforyou.com/mp/10458/dan_norris/wansdyke
10460,Bill,O'Brien,Labour,Normanton,https://www.theyworkforyou.com/mp/10460/mr_bill_o%27brien/normanton
10461,Mike,O'Brien,Labour,"North Warwickshire",https://www.theyworkforyou.com/mp/10461/mike_o%27brien/north_warwickshire
10462,Edward,O'Hara,Labour,"Knowsley South",https://www.theyworkforyou.com/mp/10462/edward_o%27hara/knowsley_south
10464,Martin,O'Neill,Labour,Ochil,https://www.theyworkforyou.com/mp/10464/mr_martin_o%27neill/ochil
10459,Mark,Oaten,"Liberal Democrat",Winchester,https://www.theyworkforyou.com/mp/10459/mark_oaten/winchester
10463,Bill,Olner,Labour,Nuneaton,https://www.theyworkforyou.com/mp/10463/bill_olner/nuneaton
10465,Lembit,Öpik,"Liberal Democrat",Montgomeryshire,https://www.theyworkforyou.com/mp/10465/lembit_%C3%96pik/montgomeryshire
10466,Diana,Organ,Labour,"Forest of Dean",https://www.theyworkforyou.com/mp/10466/mrs_diana_organ/forest_of_dean
10467,Sandra,Osborne,Labour,Ayr,https://www.theyworkforyou.com/mp/10467/sandra_osborne/ayr
10468,Richard,Ottaway,Conservative,"Croydon South",https://www.theyworkforyou.com/mp/10468/richard_ottaway/croydon_south
10469,Richard,Page,Conservative,"South West Hertfordshire",https://www.theyworkforyou.com/mp/10469/mr_richard_page/south_west_hertfordshire
10470,James,Paice,Conservative,"South East Cambridgeshire",https://www.theyworkforyou.com/mp/10470/james_paice/south_east_cambridgeshire
10471,Ian,Paisley,DUP,"North Antrim",https://www.theyworkforyou.com/mp/10471/ian_paisley/north_antrim
10472,Nick,Palmer,Labour,Broxtowe,https://www.theyworkforyou.com/mp/10472/nick_palmer/broxtowe
10473,Owen,Paterson,Conservative,"North Shropshire",https://www.theyworkforyou.com/mp/10473/owen_paterson/north_shropshire
10474,Ian,Pearson,Labour,"Dudley South",https://www.theyworkforyou.com/mp/10474/ian_pearson/dudley_south
10475,Tom,Pendry,Labour,"Stalybridge and Hyde",https://www.theyworkforyou.com/mp/10475/mr_tom_pendry/stalybridge_and_hyde
10476,Linda,Perham,Labour,"Ilford North",https://www.theyworkforyou.com/mp/10476/ms_linda_perham/ilford_north
10477,Eric,Pickles,Conservative,"Brentwood and Ongar",https://www.theyworkforyou.com/mp/10477/eric_pickles/brentwood_and_ongar
10478,Colin,Pickthall,Labour,"West Lancashire",https://www.theyworkforyou.com/mp/10478/mr_colin_pickthall/west_lancashire
10479,Peter,Pike,Labour,Burnley,https://www.theyworkforyou.com/mp/10479/mr_peter_pike/burnley
10480,James,Plaskitt,Labour,"Warwick and Leamington",https://www.theyworkforyou.com/mp/10480/james_plaskitt/warwick_and_leamington
10481,Kerry,Pollard,Labour,"St Albans",https://www.theyworkforyou.com/mp/10481/mr_kerry_pollard/st_albans
10482,Chris,Pond,Labour,Gravesham,https://www.theyworkforyou.com/mp/10482/mr_chris_pond/gravesham
10483,Greg,Pope,Labour,Hyndburn,https://www.theyworkforyou.com/mp/10483/greg_pope/hyndburn
10484,Steve,Pound,Labour,"Ealing North",https://www.theyworkforyou.com/mp/10484/steve_pound/ealing_north
10485,Raymond,Powell,Labour,Ogmore,https://www.theyworkforyou.com/mp/10485/mr_raymond_powell/ogmore
10486,Bridget,Prentice,Labour,"Lewisham East",https://www.theyworkforyou.com/mp/10486/bridget_prentice/lewisham_east
10487,Gordon,Prentice,Labour,Pendle,https://www.theyworkforyou.com/mp/10487/gordon_prentice/pendle
10488,John,Prescott,Labour,"Kingston upon Hull East",https://www.theyworkforyou.com/mp/10488/john_prescott/kingston_upon_hull_east
10489,Dawn,Primarolo,Labour,"Bristol South",https://www.theyworkforyou.com/mp/10489/dawn_primarolo/bristol_south
10490,David,Prior,Conservative,"North Norfolk",https://www.theyworkforyou.com/mp/10490/mr_david_prior/north_norfolk
10491,Gwyn,Prosser,Labour,Dover,https://www.theyworkforyou.com/mp/10491/gwyn_prosser/dover
10492,Ken,Purchase,Labour/Co-operative,"Wolverhampton North East",https://www.theyworkforyou.com/mp/10492/ken_purchase/wolverhampton_north_east
10493,Joyce,Quin,Labour,"Gateshead East and Washington West",https://www.theyworkforyou.com/mp/10493/ms_joyce_quin/gateshead_east_and_washington_west
10494,Lawrie,Quinn,Labour,"Scarborough and Whitby",https://www.theyworkforyou.com/mp/10494/mr_lawrie_quinn/scarborough_and_whitby
10495,Giles,Radice,Labour,"North Durham",https://www.theyworkforyou.com/mp/10495/mr_giles_radice/north_durham
10496,Bill,Rammell,Labour,Harlow,https://www.theyworkforyou.com/mp/10496/bill_rammell/harlow
10497,Syd,Rapson,Labour,"Portsmouth North",https://www.theyworkforyou.com/mp/10497/mr_syd_rapson/portsmouth_north
10498,Nick,Raynsford,Labour,"Greenwich and Woolwich",https://www.theyworkforyou.com/mp/10498/nick_raynsford/greenwich_and_woolwich
10499,John,Redwood,Conservative,Wokingham,https://www.theyworkforyou.com/mp/10499/john_redwood/wokingham
10500,Andy,Reed,Labour/Co-operative,Loughborough,https://www.theyworkforyou.com/mp/10500/andy_reed/loughborough
10501,John,Reid,Labour,"Hamilton North and Bellshill",https://www.theyworkforyou.com/mp/10501/john_reid/hamilton_north_and_bellshill
10502,David,Rendel,"Liberal Democrat",Newbury,https://www.theyworkforyou.com/mp/10502/mr_david_rendel/newbury
10503,Andrew,Robathan,Conservative,Blaby,https://www.theyworkforyou.com/mp/10503/andrew_robathan/blaby
10504,George,Robertson,Labour,"Hamilton South",https://www.theyworkforyou.com/mp/10504/mr_george_robertson/hamilton_south
10505,Laurence,Robertson,Conservative,Tewkesbury,https://www.theyworkforyou.com/mp/10505/laurence_robertson/tewkesbury
10506,Geoffrey,Robinson,Labour,"Coventry North West",https://www.theyworkforyou.com/mp/10506/geoffrey_robinson/coventry_north_west
10507,Peter,Robinson,DUP,"Belfast East",https://www.theyworkforyou.com/mp/10507/peter_robinson/belfast_east
10508,Barbara,Roche,Labour,"Hornsey and Wood Green",https://www.theyworkforyou.com/mp/10508/mrs_barbara_roche/hornsey_and_wood_green
10509,Marion,Roe,Conservative,Broxbourne,https://www.theyworkforyou.com/mp/10509/mrs_marion_roe/broxbourne
10510,Allan,Rogers,Labour,Rhondda,https://www.theyworkforyou.com/mp/10510/mr_allan_rogers/rhondda
10511,Jeff,Rooker,Labour,"Birmingham, Perry Barr",https://www.theyworkforyou.com/mp/10511/mr_jeff_rooker/birmingham%2C_perry_barr
10512,Terry,Rooney,Labour,"Bradford North",https://www.theyworkforyou.com/mp/10512/terry_rooney/bradford_north
10513,Ernie,Ross,Labour,"Dundee West",https://www.theyworkforyou.com/mp/10513/mr_ernie_ross/dundee_west
10514,William,Ross,UUP,"East Londonderry",https://www.theyworkforyou.com/mp/10514/mr_william_ross/east_londonderry
10515,Andrew,Rowe,Conservative,"Faversham and Mid Kent",https://www.theyworkforyou.com/mp/10515/mr_andrew_rowe/faversham_and_mid_kent
10516,Ted,Rowlands,Labour,"Merthyr Tydfil and Rhymney",https://www.theyworkforyou.com/mp/10516/mr_ted_rowlands/merthyr_tydfil_and_rhymney
10517,Frank,Roy,Labour,"Motherwell and Wishaw",https://www.theyworkforyou.com/mp/10517/frank_roy/motherwell_and_wishaw
10518,Chris,Ruane,Labour,"Vale of Clwyd",https://www.theyworkforyou.com/mp/10518/chris_ruane/vale_of_clwyd
10519,Joan,Ruddock,Labour,"Lewisham, Deptford",https://www.theyworkforyou.com/mp/10519/joan_ruddock/lewisham%2C_deptford
10520,David,Ruffley,Conservative,"Bury St Edmunds",https://www.theyworkforyou.com/mp/10520/david_ruffley/bury_st_edmunds
10521,Bob,Russell,"Liberal Democrat",Colchester,https://www.theyworkforyou.com/mp/10521/bob_russell/colchester
10522,Christine,Russell,Labour,"City of Chester",https://www.theyworkforyou.com/mp/10522/christine_russell/city_of_chester
10523,Joan,Ryan,Labour,"Enfield North",https://www.theyworkforyou.com/mp/10523/joan_ryan/enfield_north
10525,Alex,Salmond,"Scottish National Party","Banff and Buchan",https://www.theyworkforyou.com/mp/10525/alex_salmond/banff_and_buchan
10526,Martin,Salter,Labour,"Reading West",https://www.theyworkforyou.com/mp/10526/martin_salter/reading_west
10527,Adrian,Sanders,"Liberal Democrat",Torbay,https://www.theyworkforyou.com/mp/10527/adrian_sanders/torbay
10528,Mohammad,Sarwar,Labour,"Glasgow Govan",https://www.theyworkforyou.com/mp/10528/mohammad_sarwar/glasgow_govan
10529,Malcolm,Savidge,Labour,"Aberdeen North",https://www.theyworkforyou.com/mp/10529/mr_malcolm_savidge/aberdeen_north
10530,Phil,Sawford,Labour,Kettering,https://www.theyworkforyou.com/mp/10530/mr_phil_sawford/kettering
10531,Jonathan,Sayeed,Conservative,"Mid Bedfordshire",https://www.theyworkforyou.com/mp/10531/mr_jonathan_sayeed/mid_bedfordshire
10532,Brian,Sedgemore,Labour,"Hackney South and Shoreditch",https://www.theyworkforyou.com/mp/10532/mr_brian_sedgemore/hackney_south_and_shoreditch
10533,"Jonathan R",Shaw,Labour,"Chatham and Aylesford",https://www.theyworkforyou.com/mp/10533/jonathan_r_shaw/chatham_and_aylesford
10534,Barry,Sheerman,Labour/Co-operative,Huddersfield,https://www.theyworkforyou.com/mp/10534/barry_sheerman/huddersfield
10535,Robert,Sheldon,Labour,Ashton-under-Lyne,https://www.theyworkforyou.com/mp/10535/mr_robert_sheldon/ashton-under-lyne
10536,Gillian,Shephard,Conservative,"South West Norfolk",https://www.theyworkforyou.com/mp/10536/mrs_gillian_shephard/south_west_norfolk
10537,Richard,Shepherd,Conservative,Aldridge-Brownhills,https://www.theyworkforyou.com/mp/10537/richard_shepherd/aldridge-brownhills
10538,Michael,Shersby,Conservative,Uxbridge,https://www.theyworkforyou.com/mp/10538/mr_michael_shersby/uxbridge
10539,Debra,Shipley,Labour,Stourbridge,https://www.theyworkforyou.com/mp/10539/ms_debra_shipley/stourbridge
10540,Clare,Short,Labour,"Birmingham, Ladywood",https://www.theyworkforyou.com/mp/10540/clare_short/birmingham%2C_ladywood
10541,Alan,Simpson,Labour,"Nottingham South",https://www.theyworkforyou.com/mp/10541/alan_simpson/nottingham_south
10542,Keith,Simpson,Conservative,"Mid Norfolk",https://www.theyworkforyou.com/mp/10542/keith_simpson/mid_norfolk
10543,Marsha,Singh,Labour,"Bradford West",https://www.theyworkforyou.com/mp/10543/marsha_singh/bradford_west
10544,Dennis,Skinner,Labour,Bolsover,https://www.theyworkforyou.com/mp/10544/dennis_skinner/bolsover
10545,Andrew,Smith,Labour,"Oxford East",https://www.theyworkforyou.com/mp/10545/andrew_smith/oxford_east
10546,Angela,Smith,Labour/Co-operative,Basildon,https://www.theyworkforyou.com/mp/10546/angela_smith/basildon
10547,Chris,Smith,Labour,"Islington South and Finsbury",https://www.theyworkforyou.com/mp/10547/mr_chris_smith/islington_south_and_finsbury
10548,Geraldine,Smith,Labour,"Morecambe and Lunesdale",https://www.theyworkforyou.com/mp/10548/geraldine_smith/morecambe_and_lunesdale
10549,Jacqui,Smith,Labour,Redditch,https://www.theyworkforyou.com/mp/10549/jacqui_smith/redditch
10550,John,Smith,Labour,"Vale of Glamorgan",https://www.theyworkforyou.com/mp/10550/john_smith/vale_of_glamorgan
10551,Llew,Smith,Labour,"Blaenau Gwent",https://www.theyworkforyou.com/mp/10551/mr_llew_smith/blaenau_gwent
10552,Robert,Smith,"Liberal Democrat","West Aberdeenshire and Kincardine",https://www.theyworkforyou.com/mp/10552/robert_smith/west_aberdeenshire_and_kincardine
10553,Martin,Smyth,UUP,"Belfast South",https://www.theyworkforyou.com/mp/10553/martin_smyth/belfast_south
10554,Peter,Snape,Labour,"West Bromwich East",https://www.theyworkforyou.com/mp/10554/mr_peter_snape/west_bromwich_east
10555,Nicholas,Soames,Conservative,"Mid Sussex",https://www.theyworkforyou.com/mp/10555/nicholas_soames/mid_sussex
10556,Clive,Soley,Labour,"Ealing, Acton and Shepherd's Bush",https://www.theyworkforyou.com/mp/10556/mr_clive_soley/ealing%2C_acton_and_shepherd%27s_bush
10557,Helen,Southworth,Labour,"Warrington South",https://www.theyworkforyou.com/mp/10557/helen_southworth/warrington_south
10558,John,Spellar,Labour,Warley,https://www.theyworkforyou.com/mp/10558/john_spellar/warley
10559,Caroline,Spelman,Conservative,Meriden,https://www.theyworkforyou.com/mp/10559/caroline_spelman/meriden
10560,Michael,Spicer,Conservative,"West Worcestershire",https://www.theyworkforyou.com/mp/10560/michael_spicer/west_worcestershire
10561,Richard,Spring,Conservative,"West Suffolk",https://www.theyworkforyou.com/mp/10561/richard_spring/west_suffolk
10562,Rachel,Squire,Labour,"Dunfermline West",https://www.theyworkforyou.com/mp/10562/rachel_squire/dunfermline_west
10524,Nick,"St Aubyn",Conservative,Guildford,https://www.theyworkforyou.com/mp/10524/mr_nick_st_aubyn/guildford
10563,John,Stanley,Conservative,"Tonbridge and Malling",https://www.theyworkforyou.com/mp/10563/john_stanley/tonbridge_and_malling
10564,Phyllis,Starkey,Labour,"Milton Keynes South West",https://www.theyworkforyou.com/mp/10564/phyllis_starkey/milton_keynes_south_west
10565,Anthony,Steen,Conservative,Totnes,https://www.theyworkforyou.com/mp/10565/anthony_steen/totnes
10566,Gerry,Steinberg,Labour,"City of Durham",https://www.theyworkforyou.com/mp/10566/mr_gerry_steinberg/city_of_durham
10567,George,Stevenson,Labour,"Stoke-on-Trent South",https://www.theyworkforyou.com/mp/10567/mr_george_stevenson/stoke-on-trent_south
10568,David,Stewart,Labour,"Inverness East, Nairn and Lochaber",https://www.theyworkforyou.com/mp/10568/mr_david_stewart/inverness_east%2C_nairn_and_lochaber
10569,Ian,Stewart,Labour,Eccles,https://www.theyworkforyou.com/mp/10569/ian_stewart/eccles
10570,Paul,Stinchcombe,Labour,Wellingborough,https://www.theyworkforyou.com/mp/10570/mr_paul_stinchcombe/wellingborough
10571,Howard,Stoate,Labour,Dartford,https://www.theyworkforyou.com/mp/10571/howard_stoate/dartford
10572,Roger,Stott,Labour,Wigan,https://www.theyworkforyou.com/mp/10572/mr_roger_stott/wigan
10573,Gavin,Strang,Labour,"Edinburgh East and Musselburgh",https://www.theyworkforyou.com/mp/10573/gavin_strang/edinburgh_east_and_musselburgh
10574,Jack,Straw,Labour,Blackburn,https://www.theyworkforyou.com/mp/10574/jack_straw/blackburn
10575,Gary,Streeter,Conservative,"South West Devon",https://www.theyworkforyou.com/mp/10575/gary_streeter/south_west_devon
10576,Graham,Stringer,Labour,"Manchester, Blackley",https://www.theyworkforyou.com/mp/10576/graham_stringer/manchester%2C_blackley
10577,Gisela,Stuart,Labour,"Birmingham, Edgbaston",https://www.theyworkforyou.com/mp/10577/gisela_stuart/birmingham%2C_edgbaston
10578,Andrew,Stunell,"Liberal Democrat","Hazel Grove",https://www.theyworkforyou.com/mp/10578/andrew_stunell/hazel_grove
10579,Gerry,Sutcliffe,Labour,"Bradford South",https://www.theyworkforyou.com/mp/10579/gerry_sutcliffe/bradford_south
10580,Desmond,Swayne,Conservative,"New Forest West",https://www.theyworkforyou.com/mp/10580/desmond_swayne/new_forest_west
10581,John,Swinney,"Scottish National Party","North Tayside",https://www.theyworkforyou.com/mp/10581/john_swinney/north_tayside
10582,Robert,Syms,Conservative,Poole,https://www.theyworkforyou.com/mp/10582/robert_syms/poole
10583,Peter,Tapsell,Conservative,"Louth and Horncastle",https://www.theyworkforyou.com/mp/10583/peter_tapsell/louth_and_horncastle
10584,Ann,Taylor,Labour,Dewsbury,https://www.theyworkforyou.com/mp/10584/mrs_ann_taylor/dewsbury
10585,Dari,Taylor,Labour,"Stockton South",https://www.theyworkforyou.com/mp/10585/dari_taylor/stockton_south
10586,David,Taylor,Labour/Co-operative,"North West Leicestershire",https://www.theyworkforyou.com/mp/10586/david_taylor/north_west_leicestershire
10587,Ian,Taylor,Conservative,"Esher and Walton",https://www.theyworkforyou.com/mp/10587/ian_taylor/esher_and_walton
10589,John,Taylor,UUP,Strangford,https://www.theyworkforyou.com/mp/10589/john_taylor/strangford
10588,John,Taylor,Conservative,Solihull,https://www.theyworkforyou.com/mp/10588/mr_john_taylor/solihull
10590,Matthew,Taylor,"Liberal Democrat","Truro and St Austell",https://www.theyworkforyou.com/mp/10590/matthew_taylor/truro_and_st_austell
10591,Teddy,Taylor,Conservative,"Rochford and Southend East",https://www.theyworkforyou.com/mp/10591/mr_teddy_taylor/rochford_and_southend_east
10592,Peter,Temple-Morris,Conservative,Leominster,https://www.theyworkforyou.com/mp/10592/mr_peter_temple-morris/leominster
10594,Gareth,Thomas,Labour,"Harrow West",https://www.theyworkforyou.com/mp/10594/gareth_thomas/harrow_west
10593,Gareth,Thomas,Labour,"Clwyd West",https://www.theyworkforyou.com/mp/10593/mr_gareth_thomas/clwyd_west
10595,William,Thompson,UUP,"West Tyrone",https://www.theyworkforyou.com/mp/10595/mr_william_thompson/west_tyrone
10596,Stephen,Timms,Labour,"East Ham",https://www.theyworkforyou.com/mp/10596/stephen_timms/east_ham
10597,Paddy,Tipping,Labour,Sherwood,https://www.theyworkforyou.com/mp/10597/paddy_tipping/sherwood
10598,Mark,Todd,Labour,"South Derbyshire",https://www.theyworkforyou.com/mp/10598/mark_todd/south_derbyshire
10599,Jenny,Tonge,"Liberal Democrat","Richmond Park",https://www.theyworkforyou.com/mp/10599/dr_jenny_tonge/richmond_park
10600,Don,Touhig,Labour/Co-operative,Islwyn,https://www.theyworkforyou.com/mp/10600/don_touhig/islwyn
10601,John,Townend,Conservative,"East Yorkshire",https://www.theyworkforyou.com/mp/10601/mr_john_townend/east_yorkshire
10602,David,Tredinnick,Conservative,Bosworth,https://www.theyworkforyou.com/mp/10602/david_tredinnick/bosworth
10603,Michael,Trend,Conservative,Windsor,https://www.theyworkforyou.com/mp/10603/mr_michael_trend/windsor
10604,Jon,Trickett,Labour,Hemsworth,https://www.theyworkforyou.com/mp/10604/jon_trickett/hemsworth
10605,David,Trimble,UUP,"Upper Bann",https://www.theyworkforyou.com/mp/10605/rt_hon_david_trimble/upper_bann
10606,Paul,Truswell,Labour,Pudsey,https://www.theyworkforyou.com/mp/10606/paul_truswell/pudsey
10607,Dennis,Turner,Labour/Co-operative,"Wolverhampton South East",https://www.theyworkforyou.com/mp/10607/mr_dennis_turner/wolverhampton_south_east
10608,Desmond,Turner,Labour,"Brighton, Kemptown",https://www.theyworkforyou.com/mp/10608/desmond_turner/brighton%2C_kemptown
10609,George,Turner,Labour,"North West Norfolk",https://www.theyworkforyou.com/mp/10609/dr_george_turner/north_west_norfolk
10610,Derek,Twigg,Labour,Halton,https://www.theyworkforyou.com/mp/10610/derek_twigg/halton
10611,Stephen,Twigg,Labour,"Enfield, Southgate",https://www.theyworkforyou.com/mp/10611/stephen_twigg/enfield%2C_southgate
10612,Paul,Tyler,"Liberal Democrat","North Cornwall",https://www.theyworkforyou.com/mp/10612/mr_paul_tyler/north_cornwall
10613,Andrew,Tyrie,Conservative,Chichester,https://www.theyworkforyou.com/mp/10613/andrew_tyrie/chichester
10614,Keith,Vaz,Labour,"Leicester East",https://www.theyworkforyou.com/mp/10614/keith_vaz/leicester_east
10615,Peter,Viggers,Conservative,Gosport,https://www.theyworkforyou.com/mp/10615/peter_viggers/gosport
10616,Rudi,Vis,Labour,"Finchley and Golders Green",https://www.theyworkforyou.com/mp/10616/rudi_vis/finchley_and_golders_green
10617,Cecil,Walker,UUP,"Belfast North",https://www.theyworkforyou.com/mp/10617/mr_cecil_walker/belfast_north
10618,Jim,Wallace,"Liberal Democrat","Orkney and Shetland",https://www.theyworkforyou.com/mp/10618/jim_wallace/orkney_and_shetland
10619,Joan,Walley,Labour,"Stoke-on-Trent North",https://www.theyworkforyou.com/mp/10619/joan_walley/stoke-on-trent_north
10620,Robert,Walter,Conservative,"North Dorset",https://www.theyworkforyou.com/mp/10620/robert_walter/north_dorset
10621,Claire,Ward,Labour,Watford,https://www.theyworkforyou.com/mp/10621/claire_ward/watford
10622,Charles,Wardle,Conservative,"Bexhill and Battle",https://www.theyworkforyou.com/mp/10622/charles_wardle/bexhill_and_battle
10623,Robert,Wareing,Labour,"Liverpool, West Derby",https://www.theyworkforyou.com/mp/10623/robert_wareing/liverpool%2C_west_derby
10624,Nigel,Waterson,Conservative,Eastbourne,https://www.theyworkforyou.com/mp/10624/nigel_waterson/eastbourne
10625,Dave,Watts,Labour,"St Helens North",https://www.theyworkforyou.com/mp/10625/dave_watts/st_helens_north
10626,Steve,Webb,"Liberal Democrat",Northavon,https://www.theyworkforyou.com/mp/10626/steve_webb/northavon
10627,Bowen,Wells,Conservative,"Hertford and Stortford",https://www.theyworkforyou.com/mp/10627/mr_bowen_wells/hertford_and_stortford
10628,Andrew,Welsh,"Scottish National Party",Angus,https://www.theyworkforyou.com/mp/10628/andrew_welsh/angus
10629,Brian,White,Labour,"North East Milton Keynes",https://www.theyworkforyou.com/mp/10629/mr_brian_white/north_east_milton_keynes
10630,Alan,Whitehead,Labour,"Southampton, Test",https://www.theyworkforyou.com/mp/10630/alan_whitehead/southampton%2C_test
10631,Ray,Whitney,Conservative,Wycombe,https://www.theyworkforyou.com/mp/10631/sir_ray_whitney/wycombe
10632,John,Whittingdale,Conservative,"Maldon and East Chelmsford",https://www.theyworkforyou.com/mp/10632/john_whittingdale/maldon_and_east_chelmsford
10633,Malcolm,Wicks,Labour,"Croydon North",https://www.theyworkforyou.com/mp/10633/malcolm_wicks/croydon_north
10634,Ann,Widdecombe,Conservative,"Maidstone and The Weald",https://www.theyworkforyou.com/mp/10634/ann_widdecombe/maidstone_and_the_weald
10635,Dafydd,Wigley,"Plaid Cymru",Caernarfon,https://www.theyworkforyou.com/mp/10635/mr_dafydd_wigley/caernarfon
10636,John,Wilkinson,Conservative,"Ruislip - Northwood",https://www.theyworkforyou.com/mp/10636/mr_john_wilkinson/ruislip_-_northwood
10637,David,Willetts,Conservative,Havant,https://www.theyworkforyou.com/mp/10637/david_willetts/havant
10639,Alan,Williams,Labour,"Swansea West",https://www.theyworkforyou.com/mp/10639/alan_williams/swansea_west
10638,Alan,Williams,Labour,"Carmarthen East and Dinefwr",https://www.theyworkforyou.com/mp/10638/dr_alan_williams/carmarthen_east_and_dinefwr
10640,Betty,Williams,Labour,Conwy,https://www.theyworkforyou.com/mp/10640/betty_williams/conwy
10641,Phil,Willis,"Liberal Democrat","Harrogate and Knaresborough",https://www.theyworkforyou.com/mp/10641/phil_willis/harrogate_and_knaresborough
10642,Michael,Wills,Labour,"North Swindon",https://www.theyworkforyou.com/mp/10642/michael_wills/north_swindon
10643,David,Wilshire,Conservative,Spelthorne,https://www.theyworkforyou.com/mp/10643/david_wilshire/spelthorne
10644,Brian,Wilson,Labour,"Cunninghame North",https://www.theyworkforyou.com/mp/10644/mr_brian_wilson/cunninghame_north
10645,David,Winnick,Labour,"Walsall North",https://www.theyworkforyou.com/mp/10645/david_winnick/walsall_north
10646,Ann,Winterton,Conservative,Congleton,https://www.theyworkforyou.com/mp/10646/ann_winterton/congleton
10647,Nicholas,Winterton,Conservative,Macclesfield,https://www.theyworkforyou.com/mp/10647/nicholas_winterton/macclesfield
10648,Rosie,Winterton,Labour,"Doncaster Central",https://www.theyworkforyou.com/mp/10648/rosie_winterton/doncaster_central
10649,Audrey,Wise,Labour,Preston,https://www.theyworkforyou.com/mp/10649/ms_audrey_wise/preston
10650,Mike,Wood,Labour,"Batley and Spen",https://www.theyworkforyou.com/mp/10650/mike_wood/batley_and_spen
10651,Shaun,Woodward,Conservative,Witney,https://www.theyworkforyou.com/mp/10651/shaun_woodward/witney
10652,Phil,Woolas,Labour,"Oldham East and Saddleworth",https://www.theyworkforyou.com/mp/10652/phil_woolas/oldham_east_and_saddleworth
10653,Tony,Worthington,Labour,"Clydebank and Milngavie",https://www.theyworkforyou.com/mp/10653/mr_tony_worthington/clydebank_and_milngavie
10654,Jimmy,Wray,Labour,"Glasgow Baillieston",https://www.theyworkforyou.com/mp/10654/mr_jimmy_wray/glasgow_baillieston
10655,"Anthony D",Wright,Labour,"Great Yarmouth",https://www.theyworkforyou.com/mp/10655/anthony_d_wright/great_yarmouth
10656,Tony,Wright,Labour,"Cannock Chase",https://www.theyworkforyou.com/mp/10656/tony_wright/cannock_chase
10657,Derek,Wyatt,Labour,"Sittingbourne and Sheppey",https://www.theyworkforyou.com/mp/10657/derek_wyatt/sittingbourne_and_sheppey
10658,Tim,Yeo,Conservative,"South Suffolk",https://www.theyworkforyou.com/mp/10658/tim_yeo/south_suffolk
10659,George,Young,Conservative,"North West Hampshire",https://www.theyworkforyou.com/mp/10659/george_young/north_west_hampshire
